Jackson,15464,14875
Luke,6565,17456
Madelyn,2032,16555
Noah,15845,17548
David,6551,25525
Nathaniel,65525,14758
Noah,6325,25566
Eli,15845,14785
Xavier,26665,16325
Josiah,28547,15845
Nolan,14745,26665
Avery,15847,28547
Sydney,19854,14745
Alyssa,13245,15847
Benjamin,24156,19854
Julia,14547,13245
Ryder,18566,24156
Luke,18745,14547
Henry,15847,18566
Jasmine,16958,18745
Avery,13598,15847
Liam,1746,16958
Liam,17458,13598
Khloe,5475,1746
John,18746,17458
Xavier,17456,5475
Aria,15447,18746
Ethan,19455,17456
Tristan,17456,17456
Kennedy,12475,12475
Ellie,19584,19584
Elijah,18457,18457
Jose,51452,51452
Alyssa,44755,44755
Elizabeth,17456,17456
Ariana,12587,12587
Amelia,15562,15562
Aubrey,17456,17456
Anna,55445,55445
Alexandra,8245,8245
Aubrey,12359,12359
Aubrey,13205,17456
Hunter,18456,12587
Kayden,19852,15562
Ava,15478,17456
Alexandra,14257,55445
Savannah,14254,8245
Kaylee,54555,13205
Skylar,20156,18456
Isaiah,17459,19852
Ella,15545,15478
Grayson,15547,14257
Isabella,14587,14254
Lucy,14578,54555
Sarah,25556,20156
Maya,20154,17459
Evelyn,21545,15545
Jacob,14525,15547
Hunter,25455,14587
Zoe,14258,14578
