Russell,15464,12547
Henderson,16565,12546
White,12032,17524
Coleman,15845,15544
Roberts,16551,13625
Graham,65525,14258
Gonzales,16325,25566
Gibson,15845,14785
Howard,26665,16325
Hernandez,28547,15845
Warren,14745,26665
Simmons,13245,15847
Graham,24156,19854
Hunter,14547,13245
Jones,18566,24156
Baker,18745,14547
Lewis,15847,18566
West,16958,18745
Dixon,13598,15847
Evelyn,15746,16958
Oliver,17458,13598
Dylan,15475,11746
Xavier,18746,17458
Alexandra,17456,15475
Lydia,15447,18746
Aria,19455,17456
Logan,17456,17456
Lillian,12475,12475
Jayden,19584,19584
Daniel,18457,18457
Easton,51452,51452
Xavier,44755,44755
Hannah,17456,17456
Samuel,12587,12587
Hudson,15562,15562
Allison,17456,17456
Carson,55445,15445
Parker,18245,15245
Sullivan,12359,12359
Richardson,13205,17456
Ward,18456,12587
Harris,19852,15562
Dunn,15478,17456
Henderson,14257,55445
Harrison,14254,8245
Marshall,54555,13205
Gonzalez,20156,18456
Shaw,13054,19852
Tucker,15545,15478
Campbell,15547,14257
Simpson,19542,14254
Wood,12058,54555
Rice,25556,20156
Patterson,20154,17459
Russell,21545,15545
Henderson,14525,15547
White,25455,14587
William,12346,19548
